{"stats":{"minecraft:mined":{"minecraft:grass_block":4,"minecraft:oak_log":5,"minecraft:dead_bush":10,"minecraft:terracotta":8,"minecraft:light_gray_terracotta":12},"minecraft:used":{"minecraft:oak_log":1,"minecraft:crafting_table":1,"minecraft:chest":1,"minecraft:wooden_pickaxe":20},"minecraft:custom":{"minecraft:open_chest":5,"minecraft:time_since_rest":5087,"minecraft:sprint_one_cm":17490,"minecraft:play_time":5087,"minecraft:damage_taken":70,"minecraft:walk_one_cm":3024,"minecraft:jump":123,"minecraft:leave_game":1,"minecraft:time_since_death":5087,"minecraft:total_world_time":5087,"minecraft:interact_with_crafting_table":3,"minecraft:fall_one_cm":7329,"minecraft:fly_one_cm":34349},"minecraft:crafted":{"minecraft:chest":1,"minecraft:oak_planks":16,"minecraft:crafting_table":1,"minecraft:wooden_pickaxe":1},"minecraft:picked_up":{"minecraft:stick":11,"minecraft:light_gray_terracotta":12,"minecraft:oak_log":5,"minecraft:terracotta":8,"minecraft:dirt":4}},"DataVersion":3953}